{"cameraMode":{"drawMode":0,"name":"Shaded","section":"Shading Mode"},"sceneLighting":false,"audioPlay":false,"sceneViewState":{"m_AlwaysRefresh":false,"showFog":true,"showSkybox":false,"showFlares":true,"showImageEffects":true,"showParticleSystems":true,"showVisualEffectGraphs":true,"m_FxEnabled":true},"in2DMode":false,"pivot":{"x":0.04782819375395775,"y":4.233088493347168,"z":1.9267945289611817},"rotation":{"x":0.020035693421959878,"y":0.9088259935379028,"z":-0.04393913596868515,"w":0.4143909215927124},"size":0.6837643384933472,"orthographic":false}